{
  "project_info": {
    "project_number": "862157755758",
    "project_id": "flutter-chat-299c2",
    "storage_bucket": "flutter-chat-299c2.appspot.com"
  },
  "client": [
    {
      "client_info": {
        "mobilesdk_app_id": "1:862157755758:android:926efc9036141e38c81d7f",
        "android_client_info": {
          "package_name": "com.fbip.firebase_impl"
        }
      },
      "oauth_client": [
        {
          "client_id": "862157755758-ctia2vc7dcrt4doc5h8efmsu4cu9vfvb.apps.googleusercontent.com",
          "client_type": 3
        }
      ],
      "api_key": [
        {
          "current_key": "AIzaSyDSAjlQovHSzVOls_x8NgxfIvgRx1jRHgU"
        }
      ],
      "services": {
        "appinvite_service": {
          "other_platform_oauth_client": [
            {
              "client_id": "862157755758-ctia2vc7dcrt4doc5h8efmsu4cu9vfvb.apps.googleusercontent.com",
              "client_type": 3
            }
          ]
        }
      }
    }
  ],
  "configuration_version": "1"
}